{"stats":{"minecraft:mined":{"minecraft:dark_oak_log":5,"minecraft:oak_log":2,"minecraft:oak_leaves":3,"minecraft:dark_oak_leaves":12},"minecraft:picked_up":{"minecraft:oak_log":2,"minecraft:dark_oak_log":5},"minecraft:custom":{"minecraft:jump":23,"minecraft:time_since_rest":3606,"minecraft:leave_game":1,"minecraft:crouch_one_cm":239,"minecraft:sprint_one_cm":1698,"minecraft:play_time":3606,"minecraft:time_since_death":3606,"minecraft:walk_one_cm":2636,"minecraft:sneak_time":87,"minecraft:total_world_time":3606,"minecraft:fall_one_cm":209,"minecraft:fly_one_cm":2670}},"DataVersion":3465}